output,shape,line_length,no_preamble,no_copy,specific,mood,no_advice
0,fail,pass,fail,pass,fail,pass,pass
1,pass,pass,pass,pass,pass,fail,pass
2,pass,pass,pass,pass,pass,fail,pass
3,pass,pass,fail,pass,fail,pass,pass
4,pass,pass,pass,pass,pass,pass,pass
5,fail,pass,pass,pass,fail,pass,pass
6,pass,pass,pass,pass,fail,pass,pass
7,fail,pass,fail,pass,fail,pass,pass
8,pass,pass,pass,pass,pass,pass,pass
9,pass,pass,pass,pass,pass,pass,pass
10,pass,fail,pass,pass,fail,pass,fail
11,pass,pass,fail,pass,fail,pass,pass
12,pass,pass,pass,fail,pass,pass,pass
13,pass,pass,pass,pass,fail,pass,pass
14,pass,pass,pass,pass,pass,pass,pass
15,pass,pass,pass,pass,fail,pass,pass
16,pass,pass,pass,pass,pass,pass,pass
17,pass,pass,pass,pass,fail,pass,fail
18,fail,pass,fail,pass,pass,pass,fail
19,pass,pass,pass,pass,fail,fail,pass
